timestamp,tollID,tagRef,tagHomeID,charge
2022-01-21 08:10,OO10,OOQ0OXFQ8,OO,2.5
2022-01-21 08:16,NAO09,NAO09SKDGI,NAO,2.5
2022-01-21 08:38,OO07,EGC11ERTJ,EG,1.9
2022-01-21 09:10,AM04,AMV3A3ZMF,AM,2.2
2022-01-21 10:10,AM09,OO3KKV9RF,OO,3.1
2022-01-21 10:37,KO05,KOJDP0LVS,KO,1.9
2022-01-21 11:14,EG37,EGVWPVS7H,EG,1.4
2022-01-21 11:26,OO08,EGIGQPKI7,EG,1.9
2022-01-21 11:43,NAO39,NAOURTP0LZ,NAO,2.5
2022-01-21 11:53,EG02,NAONSM43D8,NAO,3.0
2022-01-21 12:01,OO06,OO1B0Z3NX,OO,3.5
2022-01-21 12:24,NAO28,NAOHAFEYUH,NAO,2.5
2022-01-21 12:38,EG11,OO1B0Z3NX,OO,0.5
2022-01-21 12:43,AM06,AMXAJI0Y6,AM,3.6
2022-01-21 12:49,NAO18,KONCXLL4Z,KO,2.5
2022-01-21 13:30,EG21,AMXAJI0Y6,AM,1.6
2022-01-21 13:58,NAO39,NAOP0J43D5,NAO,2.5
2022-01-21 14:30,AM03,AMLJH75LX,AM,2.2
2022-01-21 14:35,NO10,NOX6GVWRD,NO,4.2
2022-01-21 15:16,EG17,KOWM31YIH,KO,2.1
2022-01-21 15:17,EG18,KOIXA11DP,KO,2.1
2022-01-21 15:51,AM02,AMH9SDBDW,AM,2.0
2022-01-21 15:53,EG38,EG7UR23GD,EG,1.4
2022-01-21 16:05,NAO09,NAOP0J43D5,NAO,2.5
2022-01-21 16:34,MO05,MOJCKJLTE,MO,2.6
2022-01-21 16:52,EG19,NAOBMYOFQE,NAO,1.4
2022-01-21 17:10,KO02,AMXAJI0Y6,AM,3.4
2022-01-21 17:17,OO10,NAO09SKDGI,NAO,2.5
2022-01-21 17:39,NO09,NOE1V2ISQ,NO,4.2
2022-01-21 18:12,NAO11,NAO5UQPGB7,NAO,2.5
2022-01-21 18:56,NO08,NORCBPLJD,NO,3.55
2022-01-21 18:58,NO14,NO7PTX63C,NO,4.15
2022-01-21 20:01,KO04,KOIXA11DP,KO,2.95
2022-01-21 20:43,NAO39,NAOURTP0LZ,NAO,2.5
2022-01-21 21:03,EG31,KOWKTAKPU,KO,1.4
2022-01-21 21:25,KO02,AMXAJI0Y6,AM,3.4
2022-01-21 21:58,AM05,AMXAJI0Y6,AM,3.6
2022-01-21 22:00,KO01,KONCXLL4Z,KO,3.4
2022-01-21 22:03,KO10,KOWM31YIH,KO,2.05
2022-01-21 22:52,NO01,NAOVZ41NAM,NAO,3.85
2022-01-21 23:41,NAO39,NAOLY8OZCY,NAO,2.5
2022-01-21 23:45,NAO39,AMXAJI0Y6,AM,2.5
2022-01-22 00:22,EG01,NORCBPLJD,NO,3.0
2022-01-22 00:35,NAO40,NAO5ZJA8DZ,NAO,2.5
2022-01-22 01:36,KO05,KOWM31YIH,KO,1.9
2022-01-22 01:56,NO07,NAO09SKDGI,NAO,3.55
2022-01-22 02:00,MO02,NAOHL1N13J,NAO,1.35
2022-01-22 02:06,NO03,NOE1V2ISQ,NO,3.25
2022-01-22 02:36,AM01,AMHJ7XVG0,AM,2.0
2022-01-22 03:38,NAO21,NAOLY8OZCY,NAO,2.5
2022-01-22 03:50,NAO03,KOJDP0LVS,KO,2.5
2022-01-22 03:52,OO06,OO3KKV9RF,OO,3.5
2022-01-22 04:02,NAO22,NAO5ZJA8DZ,NAO,2.5
2022-01-22 04:08,NO05,EGVWPVS7H,EG,3.25
2022-01-22 04:12,KO09,KONCXLL4Z,KO,2.05
2022-01-22 04:14,EG02,EGVWPVS7H,EG,3.0
2022-01-22 05:18,EG33,EGRHOCN9J,EG,2.0
2022-01-22 05:18,NO05,NOX6GVWRD,NO,3.25
2022-01-22 05:24,NO02,NOXFGCAQV,NO,3.85
2022-01-22 05:26,GE02,GE5A0L725,GE,14.7
2022-01-22 05:48,NO07,NAOP0J43D5,NAO,3.55
2022-01-22 05:50,OO06,MOJCKJLTE,MO,3.5
2022-01-22 06:02,NO01,NO7PTX63C,NO,3.85
2022-01-22 06:12,MO07,KOIXA11DP,KO,3.15
2022-01-22 06:25,EG10,EGIGQPKI7,EG,0.9
2022-01-22 06:43,NAO33,NAOP0J43D5,NAO,2.5
2022-01-22 06:53,EG04,EGYTJXEPQ,EG,1.2
2022-01-22 06:58,NAO12,NAOHL1N13J,NAO,2.5
2022-01-22 07:38,KO04,NAOURTP0LZ,NAO,2.95
2022-01-22 07:49,NAO09,NOX6GVWRD,NO,2.5
2022-01-22 08:04,NAO21,NAO5ZJA8DZ,NAO,2.5
2022-01-22 08:22,AM01,EG7UR23GD,EG,2.0
2022-01-22 09:11,OO10,AMHJ7XVG0,AM,2.5
2022-01-22 09:51,EG22,NAO5UQPGB7,NAO,1.6
2022-01-22 09:52,EG06,NO7PTX63C,NO,1.7
2022-01-22 10:01,EG33,EGF1T2TAL,EG,2.0
2022-01-22 11:19,NO01,NOE1V2ISQ,NO,3.85
2022-01-22 12:01,EG22,OO7PZE9VI,OO,1.6
2022-01-22 12:06,NAO10,EGSEIMVIH,EG,2.5
2022-01-22 12:26,EG31,NAOURTP0LZ,NAO,1.4
2022-01-22 12:40,OO03,EGUT0CVS4,EG,2.4
2022-01-22 13:08,KO02,EG9CHJ755,EG,3.4
2022-01-22 13:08,NAO33,NAOURTP0LZ,NAO,2.5
2022-01-22 13:09,NAO30,EGVWPVS7H,EG,2.5
2022-01-22 13:11,OO10,EGSEIMVIH,EG,2.5
2022-01-22 13:42,EG22,EG7UR23GD,EG,1.6
2022-01-22 14:05,NO06,GE5A0L725,GE,3.25
2022-01-22 14:08,NAO08,AMNT3W5UZ,AM,2.5
2022-01-22 14:08,KO09,KOWM31YIH,KO,2.05
2022-01-22 14:34,NO05,KOWKTAKPU,KO,3.25
2022-01-22 15:01,NAO03,EGF1T2TAL,EG,2.5
2022-01-22 15:13,EG07,AMH9SDBDW,AM,1.8
2022-01-22 15:25,EG14,AMH9SDBDW,AM,1.2
2022-01-22 16:16,AM05,KONCXLL4Z,KO,3.6
2022-01-22 16:54,NAO05,NAOP0J43D5,NAO,2.5
2022-01-22 17:23,NO03,NOE1V2ISQ,NO,3.25
2022-01-22 17:27,AM03,EGSEIMVIH,EG,2.2
2022-01-22 17:41,NAO07,AMV3A3ZMF,AM,2.5
2022-01-22 18:06,KO09,EGIGQPKI7,EG,2.05
2022-01-22 18:13,NAO21,NAO5UQPGB7,NAO,2.5
2022-01-22 18:47,EG35,NAOP0J43D5,NAO,1.0
2022-01-22 19:11,EG14,OO3KKV9RF,OO,1.2
2022-01-22 19:34,NO09,NOE1V2ISQ,NO,4.2
2022-01-22 20:12,EG28,EGF1T2TAL,EG,1.4
2022-01-22 20:52,GE02,GE5A0L725,GE,14.7
2022-01-22 21:01,OO06,EGYTJXEPQ,EG,3.5
2022-01-22 21:49,NAO16,EGUT0CVS4,EG,2.5
2022-01-22 22:08,NAO32,NAOP0J43D5,NAO,2.5
2022-01-22 22:14,EG37,EGRHOCN9J,EG,1.4
2022-01-22 22:54,NAO29,OO3KKV9RF,OO,2.5
2022-01-22 23:02,NAO31,GEL6246HI,GE,2.5
2022-01-22 23:09,NAO30,EGUT0CVS4,EG,2.5
2022-01-22 23:30,OO09,KOWM31YIH,KO,2.5
2022-01-22 23:55,NO12,EG7UR23GD,EG,3.35
2022-01-23 00:03,NO10,NOQLL8OS9,NO,4.2
2022-01-23 00:24,MO05,MOJCKJLTE,MO,2.6
2022-01-23 00:27,NAO07,NAO09SKDGI,NAO,2.5
2022-01-23 00:54,MO07,KOIXA11DP,KO,3.15
2022-01-23 00:58,AM06,NOXFGCAQV,NO,3.6
2022-01-23 01:02,EG04,OOZSJ49IT,OO,1.2
2022-01-23 01:05,NAO06,NAO5UQPGB7,NAO,2.5
2022-01-23 01:11,NAO15,NAOLY8OZCY,NAO,2.5
2022-01-23 01:14,OO06,OOQ0OXFQ8,OO,3.5
2022-01-23 01:52,KO03,KOIXA11DP,KO,2.95
2022-01-23 03:04,NAO09,NAO5UQPGB7,NAO,2.5
2022-01-23 03:30,EG20,EGSEIMVIH,EG,1.4
2022-01-23 03:39,EG26,EG9CHJ755,EG,1.8
2022-01-23 04:07,AM02,EGVWPVS7H,EG,2.0
2022-01-23 04:34,NAO25,OOQ0OXFQ8,OO,2.5
2022-01-23 04:35,NO14,NORCBPLJD,NO,4.15
2022-01-23 04:48,KO09,KOJDP0LVS,KO,2.05
2022-01-23 05:25,NO05,NOX6GVWRD,NO,3.25
2022-01-23 05:28,NO03,NOE1V2ISQ,NO,3.25
2022-01-23 05:57,EG28,EGSEIMVIH,EG,1.4
2022-01-23 07:07,NAO40,NAOP0J43D5,NAO,2.5
2022-01-23 07:34,EG15,NOXFGCAQV,NO,1.2
2022-01-23 08:04,NO09,NAOBMYOFQE,NAO,4.2
2022-01-23 08:17,NO04,NOX6GVWRD,NO,3.25
2022-01-23 08:19,OO08,OO7PZE9VI,OO,1.9
2022-01-23 08:35,EG18,EGIGQPKI7,EG,2.1
2022-01-23 08:49,EG34,EGVWPVS7H,EG,2.0
2022-01-23 08:53,NAO12,NAOHL1N13J,NAO,2.5
2022-01-23 08:59,NAO01,NAOBMYOFQE,NAO,2.5
2022-01-23 09:05,NAO07,NAO09SKDGI,NAO,2.5
2022-01-23 09:07,EG34,EGUT0CVS4,EG,2.0
2022-01-23 09:14,NAO17,NAOBMYOFQE,NAO,2.5
2022-01-23 09:35,NO01,NOXFGCAQV,NO,3.85
2022-01-23 09:41,NAO09,NAONSM43D8,NAO,2.5
2022-01-23 09:52,EG14,NAOHAFEYUH,NAO,1.2
2022-01-23 10:50,NAO13,NAOHL1N13J,NAO,2.5
2022-01-23 11:12,NAO34,NAOURTP0LZ,NAO,2.5
2022-01-23 11:33,EG16,EGYTJXEPQ,EG,1.2
2022-01-23 12:06,NAO07,NAO5ZJA8DZ,NAO,2.5
2022-01-23 12:16,AM01,EGRHOCN9J,EG,2.0
2022-01-23 12:43,AM01,AMNT3W5UZ,AM,2.0
2022-01-23 12:48,EG10,EGVWPVS7H,EG,0.9
2022-01-23 13:06,OO03,OO1B0Z3NX,OO,2.4
2022-01-23 13:17,NAO40,NAONSM43D8,NAO,2.5
2022-01-23 13:17,NAO35,NAONSM43D8,NAO,2.5
2022-01-23 13:22,AM07,NAOP0J43D5,NAO,2.8
2022-01-23 13:33,NO10,NOX6GVWRD,NO,4.2
2022-01-23 14:08,EG36,NAONSM43D8,NAO,1.0
2022-01-23 14:45,EG02,EGVWPVS7H,EG,3.0
2022-01-23 15:05,EG19,EGVWPVS7H,EG,1.4
2022-01-23 15:52,AM02,AMXAJI0Y6,AM,2.0
2022-01-23 16:38,EG10,EGF1T2TAL,EG,0.9
2022-01-23 16:56,GE02,GEX7EEDTJ,GE,14.7
2022-01-23 17:05,KO03,NAOURTP0LZ,NAO,2.95
2022-01-23 17:10,KO05,KOWKTAKPU,KO,1.9
2022-01-23 17:15,KO07,KOIXA11DP,KO,1.85
2022-01-23 17:29,OO05,AMHJ7XVG0,AM,3.5
2022-01-23 17:34,NO06,NOXFGCAQV,NO,3.25
2022-01-23 17:36,EG10,NAO09SKDGI,NAO,0.9
2022-01-23 17:45,EG06,KOWKTAKPU,KO,1.7
2022-01-23 17:54,EG32,EGC11ERTJ,EG,1.4
2022-01-23 18:05,AM03,AMNT3W5UZ,AM,2.2
2022-01-23 18:06,NO11,NOQLL8OS9,NO,3.35
2022-01-23 18:08,EG03,EG7UR23GD,EG,1.2
2022-01-23 18:08,AM08,AMHJ7XVG0,AM,2.8
2022-01-23 18:24,AM10,AMXAJI0Y6,AM,3.1
2022-01-23 18:40,AM01,AMHJ7XVG0,AM,2.0
2022-01-23 18:41,NAO41,NAOP0J43D5,NAO,2.5
2022-01-23 18:50,NAO16,EGUT0CVS4,EG,2.5
2022-01-23 18:51,NAO20,NAOVZ41NAM,NAO,2.5
2022-01-23 19:00,NO13,NAO5ZJA8DZ,NAO,4.15
2022-01-23 19:16,KO02,AMHJ7XVG0,AM,3.4
2022-01-23 20:04,EG10,EGIGQPKI7,EG,0.9
2022-01-23 20:04,NAO24,NAONSM43D8,NAO,2.5
2022-01-23 20:16,OO05,OO3KKV9RF,OO,3.5
2022-01-23 20:40,AM03,MOJCKJLTE,MO,2.2
2022-01-23 20:40,GE02,NOXFGCAQV,NO,14.7
2022-01-23 20:47,GE01,GEJA1WJ0T,GE,14.7
2022-01-23 21:10,KO03,AMNT3W5UZ,AM,2.95
2022-01-23 21:57,AM05,NAOURTP0LZ,NAO,3.6
2022-01-23 22:09,NAO11,EGSEIMVIH,EG,2.5
2022-01-23 22:32,NAO03,EG9CHJ755,EG,2.5
2022-01-23 22:38,OO01,EGYTJXEPQ,EG,2.3
2022-01-23 22:43,NAO13,NAOP0J43D5,NAO,2.5
2022-01-23 22:55,KO05,KOWKTAKPU,KO,1.9
2022-01-23 22:58,OO05,OOZSJ49IT,OO,3.5
2022-01-23 23:20,NO02,NOXFGCAQV,NO,3.85
2022-01-23 23:44,NO09,EG7UR23GD,EG,4.2
2022-01-24 00:05,MO10,EG9CHJ755,EG,2.7
2022-01-24 00:08,OO05,AMHJ7XVG0,AM,3.5
2022-01-24 00:29,AM02,AMHJ7XVG0,AM,2.0
2022-01-24 01:03,MO08,MOV86WZS3,MO,3.15
2022-01-24 01:11,OO03,KOWM31YIH,KO,2.4
2022-01-24 01:35,NAO33,NAOURTP0LZ,NAO,2.5
2022-01-24 01:38,NAO01,NAOLY8OZCY,NAO,2.5
2022-01-24 01:39,NO13,EGIGQPKI7,EG,4.15
2022-01-24 02:15,KO03,AMNT3W5UZ,AM,2.95
2022-01-24 02:27,NO04,NOX6GVWRD,NO,3.25
2022-01-24 02:40,EG18,NAO5ZJA8DZ,NAO,2.1
2022-01-24 02:42,EG01,EG9CHJ755,EG,3.0
2022-01-24 02:44,EG01,EG9CHJ755,EG,3.0
2022-01-24 03:09,EG21,EGF1T2TAL,EG,1.6
2022-01-24 03:11,AM05,AMHJ7XVG0,AM,3.6
2022-01-24 03:21,NAO36,AMHJ7XVG0,AM,2.5
2022-01-24 03:25,OO08,MOJCKJLTE,MO,1.9
2022-01-24 03:37,KO08,KONCXLL4Z,KO,1.85
2022-01-24 03:43,NAO05,NAO5ZJA8DZ,NAO,2.5
2022-01-24 03:54,KO05,OO7PZE9VI,OO,1.9
2022-01-24 04:35,OO10,OO1B0Z3NX,OO,2.5
2022-01-24 05:26,NAO07,NAOP0J43D5,NAO,2.5
2022-01-24 05:27,EG05,EGC11ERTJ,EG,1.7
2022-01-24 05:27,KO05,KOWM31YIH,KO,1.9
2022-01-24 05:43,OO07,EGF1T2TAL,EG,1.9
2022-01-24 05:52,EG19,NORCBPLJD,NO,1.4
2022-01-24 06:03,AM05,AMH9SDBDW,AM,3.6
2022-01-24 06:03,NAO33,NAOHL1N13J,NAO,2.5
2022-01-24 06:04,EG31,KOWKTAKPU,KO,1.4
2022-01-24 07:00,EG34,NAOBMYOFQE,NAO,2.0
2022-01-24 07:02,NAO21,EGIGQPKI7,EG,2.5
2022-01-24 07:04,NO07,EGF1T2TAL,EG,3.55
2022-01-24 07:17,NO05,EGVWPVS7H,EG,3.25
2022-01-24 07:33,OO04,NAOVZ41NAM,NAO,2.4
2022-01-24 07:40,OO01,NORCBPLJD,NO,2.3
2022-01-24 07:48,AM05,AMH9SDBDW,AM,3.6
2022-01-24 07:58,NO06,NOXFGCAQV,NO,3.25
2022-01-24 08:13,OO09,NAOURTP0LZ,NAO,2.5
2022-01-24 08:46,NO06,AMHJ7XVG0,AM,3.25
2022-01-24 09:05,AM06,KOIXA11DP,KO,3.6
2022-01-24 09:18,EG36,OO1B0Z3NX,OO,1.0
2022-01-24 09:25,NAO10,NAO5UQPGB7,NAO,2.5
2022-01-24 09:26,EG06,NAOBMYOFQE,NAO,1.7
2022-01-24 09:27,AM05,KONCXLL4Z,KO,3.6
2022-01-24 09:30,NO14,NO7PTX63C,NO,4.15
2022-01-24 09:43,EG37,EGRHOCN9J,EG,1.4
2022-01-24 10:11,KO09,NAO5ZJA8DZ,NAO,2.05
2022-01-24 10:18,KO09,KONCXLL4Z,KO,2.05
2022-01-24 10:24,EG19,EGYTJXEPQ,EG,1.4
2022-01-24 10:27,KO05,KOWKTAKPU,KO,1.9
2022-01-24 11:21,NAO05,NAOP0J43D5,NAO,2.5
2022-01-24 11:54,AM09,AMXAJI0Y6,AM,3.1
2022-01-24 12:09,AM08,EG9CHJ755,EG,2.8
2022-01-24 12:14,NAO30,NAOHAFEYUH,NAO,2.5
2022-01-24 13:00,EG37,EGF1T2TAL,EG,1.4
2022-01-24 13:23,KO10,KOIXA11DP,KO,2.05
2022-01-24 13:47,EG21,EGF1T2TAL,EG,1.6
2022-01-24 13:59,EG17,EG7UR23GD,EG,2.1
2022-01-24 14:13,KO09,KOJDP0LVS,KO,2.05
2022-01-24 14:25,KO07,AMXAJI0Y6,AM,1.85
2022-01-24 14:28,AM05,AMV3A3ZMF,AM,3.6
2022-01-24 14:30,NAO40,NAOHL1N13J,NAO,2.5
2022-01-24 14:58,NAO22,NAOHL1N13J,NAO,2.5
2022-01-24 15:06,NAO37,NAO09SKDGI,NAO,2.5
2022-01-24 15:10,NAO09,NAO09SKDGI,NAO,2.5
2022-01-24 15:20,MO06,MOJCKJLTE,MO,2.6
2022-01-24 15:22,AM01,AMNT3W5UZ,AM,2.0
2022-01-24 15:32,NO02,NOE1V2ISQ,NO,3.85
2022-01-24 15:45,AM09,NORCBPLJD,NO,3.1
2022-01-24 15:49,EG20,NAOBMYOFQE,NAO,1.4
2022-01-24 15:55,AM06,AMNT3W5UZ,AM,3.6
2022-01-24 15:58,EG20,EGSEIMVIH,EG,1.4
2022-01-24 16:13,OO01,EGYTJXEPQ,EG,2.3
2022-01-24 16:58,AM06,AMXAJI0Y6,AM,3.6
2022-01-24 17:22,NAO27,OOQ0OXFQ8,OO,2.5
2022-01-24 17:30,NO06,NO7PTX63C,NO,3.25
2022-01-24 17:31,OO02,NAOURTP0LZ,NAO,2.3
2022-01-24 18:09,OO02,NOQLL8OS9,NO,2.3
2022-01-24 18:18,NO13,NO7PTX63C,NO,4.15
2022-01-24 19:55,NAO18,NAOHAFEYUH,NAO,2.5
2022-01-24 20:09,GE02,GE2IAGL58,GE,14.7
2022-01-24 20:24,OO08,OO7PZE9VI,OO,1.9
2022-01-24 20:38,EG34,EGUT0CVS4,EG,2.0
2022-01-24 21:49,EG29,EGUT0CVS4,EG,1.5
2022-01-24 22:17,NO08,NORCBPLJD,NO,3.55
2022-01-24 22:34,EG29,EGC11ERTJ,EG,1.5
2022-01-24 22:54,EG30,EGUT0CVS4,EG,1.5
2022-01-24 23:13,NO06,AMHJ7XVG0,AM,3.25
2022-01-25 00:22,NAO15,NAOBMYOFQE,NAO,2.5
2022-01-25 00:57,NO04,NOXFGCAQV,NO,3.25
2022-01-25 01:05,NAO32,NAO09SKDGI,NAO,2.5
2022-01-25 01:17,OO10,OOQ0OXFQ8,OO,2.5
2022-01-25 01:26,EG06,NAOBMYOFQE,NAO,1.7
2022-01-25 01:45,GE01,GEX7EEDTJ,GE,14.7
2022-01-25 01:58,NO06,NO7PTX63C,NO,3.25
2022-01-25 02:06,NAO06,NAO5UQPGB7,NAO,2.5
2022-01-25 02:12,OO08,OO1B0Z3NX,OO,1.9
2022-01-25 02:26,OO07,NAOLY8OZCY,NAO,1.9
2022-01-25 02:50,EG08,EGVWPVS7H,EG,1.8
2022-01-25 03:21,NAO12,NAOURTP0LZ,NAO,2.5
2022-01-25 03:21,NO03,NORCBPLJD,NO,3.25
2022-01-25 03:37,OO03,AMXAJI0Y6,AM,2.4
2022-01-25 03:54,NO01,NO7PTX63C,NO,3.85
2022-01-25 03:54,KO09,KOJDP0LVS,KO,2.05
2022-01-25 04:06,EG35,EGRHOCN9J,EG,1.0
2022-01-25 04:17,OO06,OO3KKV9RF,OO,3.5
2022-01-25 04:23,OO09,OO3KKV9RF,OO,2.5
2022-01-25 04:30,OO05,OO3KKV9RF,OO,3.5
2022-01-25 04:39,MO06,MOJCKJLTE,MO,2.6
2022-01-25 05:23,NAO19,NOXFGCAQV,NO,2.5
2022-01-25 06:28,EG20,EGIGQPKI7,EG,1.4
2022-01-25 06:31,KO09,KONCXLL4Z,KO,2.05
2022-01-25 06:41,OO09,OO3KKV9RF,OO,2.5
2022-01-25 06:53,OO09,NAOURTP0LZ,NAO,2.5
2022-01-25 07:11,NO11,NOXFGCAQV,NO,3.35
2022-01-25 07:18,KO01,NAOP0J43D5,NAO,3.4
2022-01-25 08:12,EG07,EGUT0CVS4,EG,1.8
2022-01-25 08:25,KO03,KONCXLL4Z,KO,2.95
2022-01-25 09:07,OO10,OO1B0Z3NX,OO,2.5
2022-01-25 09:25,OO08,NAOHL1N13J,NAO,1.9
2022-01-25 10:05,NAO40,NAO5ZJA8DZ,NAO,2.5
2022-01-25 10:10,MO05,MOJCKJLTE,MO,2.6
2022-01-25 10:29,OO06,MOJCKJLTE,MO,3.5
2022-01-25 10:31,EG11,EGRHOCN9J,EG,0.5
2022-01-25 10:52,AM10,NAO5ZJA8DZ,NAO,3.1
2022-01-25 11:02,NAO16,NAOBMYOFQE,NAO,2.5
2022-01-25 11:52,NAO26,NAO09SKDGI,NAO,2.5
2022-01-25 12:41,EG15,EGF1T2TAL,EG,1.2
2022-01-25 12:54,EG13,EGUT0CVS4,EG,1.2
2022-01-25 12:55,OO02,OO3KKV9RF,OO,2.3
2022-01-25 14:05,EG18,KOIXA11DP,KO,2.1
2022-01-25 14:36,KO10,KONCXLL4Z,KO,2.05
2022-01-25 14:47,OO03,OO7PZE9VI,OO,2.4
2022-01-25 15:01,NAO09,NAO5UQPGB7,NAO,2.5
2022-01-25 15:02,AM02,NAOBMYOFQE,NAO,2.0
2022-01-25 15:11,AM02,NAOBMYOFQE,NAO,2.0
2022-01-25 15:14,KO05,KOWM31YIH,KO,1.9
2022-01-25 15:22,AM08,AMXAJI0Y6,AM,2.8
2022-01-25 15:42,NAO12,AMXAJI0Y6,AM,2.5
2022-01-25 16:15,KO01,KONCXLL4Z,KO,3.4
2022-01-25 17:39,NO07,NOQLL8OS9,NO,3.55
2022-01-25 17:42,NO10,NOXFGCAQV,NO,4.2
2022-01-25 18:12,AM10,EGRHOCN9J,EG,3.1
2022-01-25 18:28,NO05,EGVWPVS7H,EG,3.25
2022-01-25 18:46,NO05,KOWKTAKPU,KO,3.25
2022-01-25 19:23,EG16,EGYTJXEPQ,EG,1.2
2022-01-25 19:55,KO05,KOWKTAKPU,KO,1.9
2022-01-25 19:59,NO10,NAOP0J43D5,NAO,4.2
2022-01-25 20:02,KO02,KOIXA11DP,KO,3.4
2022-01-25 21:23,NO02,NORCBPLJD,NO,3.85
2022-01-25 21:28,OO04,OO7PZE9VI,OO,2.4
2022-01-25 21:31,OO04,OO3KKV9RF,OO,2.4
2022-01-25 21:37,NAO32,NAOP0J43D5,NAO,2.5
2022-01-25 21:54,NAO36,AMLJH75LX,AM,2.5
2022-01-25 21:58,NO14,NOX6GVWRD,NO,4.15
2022-01-25 22:01,EG30,EG9CHJ755,EG,1.5
2022-01-25 22:15,OO05,OO1B0Z3NX,OO,3.5
2022-01-25 22:21,NO10,KOIXA11DP,KO,4.2
2022-01-25 22:55,KO08,KOJDP0LVS,KO,1.85
2022-01-25 23:13,OO02,OO3KKV9RF,OO,2.3
2022-01-25 23:17,NO10,NOX6GVWRD,NO,4.2
2022-01-25 23:32,NAO39,EGIGQPKI7,EG,2.5
2022-01-26 00:11,EG07,EGUT0CVS4,EG,1.8
2022-01-26 00:43,AM02,AMXAJI0Y6,AM,2.0
2022-01-26 02:05,KO02,AMHJ7XVG0,AM,3.4
2022-01-26 02:11,NAO30,NAOBMYOFQE,NAO,2.5
2022-01-26 02:24,NAO23,NAONSM43D8,NAO,2.5
2022-01-26 02:39,AM04,AMV3A3ZMF,AM,2.2
2022-01-26 02:39,EG16,EGIGQPKI7,EG,1.2
2022-01-26 03:02,NO01,NAOVZ41NAM,NAO,3.85
2022-01-26 03:17,KO09,KOIXA11DP,KO,2.05
2022-01-26 03:45,OO02,OOZSJ49IT,OO,2.3
2022-01-26 03:52,AM08,OOZSJ49IT,OO,2.8
2022-01-26 04:36,OO05,OO1B0Z3NX,OO,3.5
2022-01-26 05:05,AM08,AMNT3W5UZ,AM,2.8
2022-01-26 05:52,AM06,AMXAJI0Y6,AM,3.6
2022-01-26 05:56,NAO16,EGUT0CVS4,EG,2.5
2022-01-26 06:28,OO10,AMLJH75LX,AM,2.5
2022-01-26 06:59,NAO04,OOQ0OXFQ8,OO,2.5
2022-01-26 07:00,NO04,NOXFGCAQV,NO,3.25
2022-01-26 07:44,EG09,EGSEIMVIH,EG,0.9
2022-01-26 08:48,OO05,OOZSJ49IT,OO,3.5
2022-01-26 09:18,OO02,OO1B0Z3NX,OO,2.3
2022-01-26 10:12,GE02,GEJA1WJ0T,GE,14.7
2022-01-26 10:16,KO01,KONCXLL4Z,KO,3.4
2022-01-26 10:25,NO09,NAOBMYOFQE,NAO,4.2
2022-01-26 10:41,EG18,KOIXA11DP,KO,2.1
2022-01-26 10:43,KO10,KOWM31YIH,KO,2.05
2022-01-26 11:12,NAO13,NAOP0J43D5,NAO,2.5
2022-01-26 11:34,NAO18,NAOHAFEYUH,NAO,2.5
2022-01-26 11:43,NAO27,OOQ0OXFQ8,OO,2.5
2022-01-26 12:16,NAO05,NAOLY8OZCY,NAO,2.5
2022-01-26 12:21,EG29,AMH9SDBDW,AM,1.5
2022-01-26 12:26,NO03,NORCBPLJD,NO,3.25
2022-01-26 12:31,AM02,AMNT3W5UZ,AM,2.0
2022-01-26 12:50,EG30,EG9CHJ755,EG,1.5
2022-01-26 13:13,AM06,AMNT3W5UZ,AM,3.6
2022-01-26 13:29,OO01,OOZSJ49IT,OO,2.3
2022-01-26 14:07,NAO28,NAONSM43D8,NAO,2.5
2022-01-26 14:10,MO03,MOJCKJLTE,MO,2.1
2022-01-26 14:15,NAO27,OOQ0OXFQ8,OO,2.5
2022-01-26 14:35,NAO04,OOQ0OXFQ8,OO,2.5
2022-01-26 14:59,NAO26,NAOHAFEYUH,NAO,2.5
2022-01-26 15:03,EG38,AMLJH75LX,AM,1.4
2022-01-26 15:10,NO14,NOE1V2ISQ,NO,4.15
2022-01-26 15:56,KO01,KOJDP0LVS,KO,3.4
2022-01-26 16:44,NO01,NOXFGCAQV,NO,3.85
2022-01-26 16:52,NAO22,NAO5ZJA8DZ,NAO,2.5
2022-01-26 17:25,NAO07,NAO09SKDGI,NAO,2.5
2022-01-26 18:25,NO06,EGVWPVS7H,EG,3.25
2022-01-26 18:26,EG25,NAOHL1N13J,NAO,1.8
2022-01-26 20:24,NO06,NOXFGCAQV,NO,3.25
2022-01-26 20:51,KO06,AMHJ7XVG0,AM,1.9
2022-01-26 21:00,EG12,EGRHOCN9J,EG,0.5
2022-01-26 21:10,EG26,EG9CHJ755,EG,1.8
2022-01-26 21:15,OO02,OO3KKV9RF,OO,2.3
2022-01-26 21:30,NAO36,EGVWPVS7H,EG,2.5
2022-01-26 21:35,EG33,EGIGQPKI7,EG,2.0
2022-01-26 21:42,NAO07,NAO5ZJA8DZ,NAO,2.5
2022-01-26 22:12,NAO24,NORCBPLJD,NO,2.5
2022-01-26 22:47,NAO32,NAOHAFEYUH,NAO,2.5
2022-01-26 22:54,NAO15,NAOLY8OZCY,NAO,2.5
2022-01-26 23:08,GE01,GEJA1WJ0T,GE,14.7
2022-01-26 23:34,MO09,EGF1T2TAL,EG,2.7
2022-01-26 23:37,KO07,KONCXLL4Z,KO,1.85
2022-01-26 23:43,MO02,MOV86WZS3,MO,1.35
2022-01-27 00:21,AM05,NAONSM43D8,NAO,3.6
2022-01-27 00:24,NO14,NORCBPLJD,NO,4.15
2022-01-27 00:47,EG18,EGIGQPKI7,EG,2.1
2022-01-27 01:01,KO03,NAOBMYOFQE,NAO,2.95
2022-01-27 01:42,GE02,AMNT3W5UZ,AM,14.7
2022-01-27 01:47,NAO21,NAOP0J43D5,NAO,2.5
2022-01-27 02:00,MO05,MOJCKJLTE,MO,2.6
2022-01-27 02:20,EG33,EGYTJXEPQ,EG,2.0
2022-01-27 02:26,AM04,AMH9SDBDW,AM,2.2
2022-01-27 02:31,KO04,NOE1V2ISQ,NO,2.95
2022-01-27 03:34,EG01,NORCBPLJD,NO,3.0
2022-01-27 03:37,EG18,KOIXA11DP,KO,2.1
2022-01-27 04:00,GE02,OO3KKV9RF,OO,14.7
2022-01-27 04:27,EG31,NOE1V2ISQ,NO,1.4
2022-01-27 04:31,MO05,NAOLY8OZCY,NAO,2.6
2022-01-27 04:49,NO01,NORCBPLJD,NO,3.85
2022-01-27 05:03,KO06,AMHJ7XVG0,AM,1.9
2022-01-27 05:36,MO04,MOV86WZS3,MO,2.1
2022-01-27 06:25,NAO04,OOQ0OXFQ8,OO,2.5
2022-01-27 06:34,KO07,KOJDP0LVS,KO,1.85
2022-01-27 06:39,EG36,EGUT0CVS4,EG,1.0
2022-01-27 07:29,OO06,OO3KKV9RF,OO,3.5
2022-01-27 07:37,OO08,MOJCKJLTE,MO,1.9
2022-01-27 07:39,KO09,KOWM31YIH,KO,2.05
2022-01-27 07:43,AM07,OO1B0Z3NX,OO,2.8
2022-01-27 07:44,KO07,KOJDP0LVS,KO,1.85
2022-01-27 08:40,NAO26,EGSEIMVIH,EG,2.5
2022-01-27 08:58,KO08,NAOLY8OZCY,NAO,1.85
2022-01-27 10:56,OO10,OOQ0OXFQ8,OO,2.5
2022-01-27 11:05,OO08,OO3KKV9RF,OO,1.9
2022-01-27 11:08,KO05,KOJDP0LVS,KO,1.9
2022-01-27 12:10,NAO32,NAO5UQPGB7,NAO,2.5
2022-01-27 12:18,EG13,KONCXLL4Z,KO,1.2
2022-01-27 12:28,AM06,NOXFGCAQV,NO,3.6
2022-01-27 12:29,EG31,OOQ0OXFQ8,OO,1.4
2022-01-27 12:32,AM02,AMNT3W5UZ,AM,2.0
2022-01-27 12:59,EG34,NAOBMYOFQE,NAO,2.0
2022-01-27 13:00,KO09,EGUT0CVS4,EG,2.05
2022-01-27 13:57,EG10,EGC11ERTJ,EG,0.9
2022-01-27 14:28,AM01,AMXAJI0Y6,AM,2.0
2022-01-27 14:45,EG11,EG9CHJ755,EG,0.5
2022-01-27 14:48,OO01,OOZSJ49IT,OO,2.3
2022-01-27 16:24,NAO22,NAOLY8OZCY,NAO,2.5
2022-01-27 16:26,KO03,KOWM31YIH,KO,2.95
2022-01-27 17:07,EG10,EGVWPVS7H,EG,0.9
2022-01-27 17:32,OO03,AMXAJI0Y6,AM,2.4
2022-01-27 18:02,KO02,NAOURTP0LZ,NAO,3.4
2022-01-27 18:08,EG31,KOWKTAKPU,KO,1.4
2022-01-27 18:25,AM06,AMH9SDBDW,AM,3.6
2022-01-27 18:25,EG31,EGYTJXEPQ,EG,1.4
2022-01-27 18:37,EG33,EGVWPVS7H,EG,2.0
2022-01-27 18:37,EG37,KOJDP0LVS,KO,1.4
2022-01-27 18:51,NO03,NOXFGCAQV,NO,3.25
2022-01-27 19:26,AM01,NAOP0J43D5,NAO,2.0
2022-01-27 19:27,NAO14,NAONSM43D8,NAO,2.5
2022-01-27 19:32,EG26,AMHJ7XVG0,AM,1.8
2022-01-27 20:53,NAO34,NAOURTP0LZ,NAO,2.5
2022-01-27 21:06,MO03,MOJCKJLTE,MO,2.1
2022-01-27 21:06,EG12,EGSEIMVIH,EG,0.5
2022-01-27 21:11,NAO27,OOQ0OXFQ8,OO,2.5
2022-01-27 21:15,NAO32,NORCBPLJD,NO,2.5
2022-01-27 22:03,EG10,EGIGQPKI7,EG,0.9
2022-01-27 22:51,AM02,AMNT3W5UZ,AM,2.0
2022-01-27 23:02,OO03,NAOVZ41NAM,NAO,2.4
2022-01-27 23:26,OO08,OOZSJ49IT,OO,1.9
2022-01-27 23:39,OO03,OOZSJ49IT,OO,2.4
2022-01-28 00:00,AM09,AMNT3W5UZ,AM,3.1
2022-01-28 00:07,EG17,KOWM31YIH,KO,2.1
2022-01-28 00:10,MO05,NAOP0J43D5,NAO,2.6
2022-01-28 00:17,NO06,NO7PTX63C,NO,3.25
2022-01-28 00:28,EG18,NAO5ZJA8DZ,NAO,2.1
2022-01-28 00:30,KO07,KOWKTAKPU,KO,1.85
2022-01-28 00:45,AM04,AMLJH75LX,AM,2.2
2022-01-28 00:46,AM08,OO1B0Z3NX,OO,2.8
2022-01-28 01:12,AM05,AMV3A3ZMF,AM,3.6
2022-01-28 01:17,OO07,OO1B0Z3NX,OO,1.9
2022-01-28 01:23,AM09,NAO09SKDGI,NAO,3.1
2022-01-28 01:37,NO10,NOX6GVWRD,NO,4.2
2022-01-28 01:57,AM01,NAOP0J43D5,NAO,2.0
2022-01-28 02:12,EG19,EGYTJXEPQ,EG,1.4
2022-01-28 02:38,EG15,EGVWPVS7H,EG,1.2
2022-01-28 02:47,AM05,AMXAJI0Y6,AM,3.6
2022-01-28 03:34,NAO22,NAOVZ41NAM,NAO,2.5
2022-01-28 03:54,KO09,EGC11ERTJ,EG,2.05
2022-01-28 04:16,NAO32,NAOP0J43D5,NAO,2.5
2022-01-28 04:16,GE02,NOXFGCAQV,NO,14.7
2022-01-28 04:22,MO06,MOV86WZS3,MO,2.6
2022-01-28 04:48,NAO07,NAOURTP0LZ,NAO,2.5
2022-01-28 05:48,OO07,NAONSM43D8,NAO,1.9
2022-01-28 05:55,OO03,NAOVZ41NAM,NAO,2.4
2022-01-28 06:16,OO01,OO7PZE9VI,OO,2.3
2022-01-28 06:53,NAO28,AMNT3W5UZ,AM,2.5
2022-01-28 07:26,NO05,OO1B0Z3NX,OO,3.25
2022-01-28 08:07,AM05,NAOURTP0LZ,NAO,3.6
2022-01-28 08:16,KO02,AMHJ7XVG0,AM,3.4
2022-01-28 08:20,AM04,AMH9SDBDW,AM,2.2
2022-01-28 08:33,EG30,EG7UR23GD,EG,1.5
2022-01-28 09:14,NAO34,NAOURTP0LZ,NAO,2.5
2022-01-28 09:15,EG22,NAO5UQPGB7,NAO,1.6
2022-01-28 09:17,KO02,KOIXA11DP,KO,3.4
2022-01-28 09:25,AM03,AMLJH75LX,AM,2.2
2022-01-28 09:39,EG08,AMXAJI0Y6,AM,1.8
2022-01-28 10:16,MO05,NAOP0J43D5,NAO,2.6
2022-01-28 10:54,MO04,MOV86WZS3,MO,2.1
2022-01-28 11:11,NAO03,NAOLY8OZCY,NAO,2.5
2022-01-28 11:12,MO09,MOJCKJLTE,MO,2.7
2022-01-28 12:15,NO03,NOXFGCAQV,NO,3.25
2022-01-28 12:35,NAO03,EGF1T2TAL,EG,2.5
2022-01-28 13:00,NO11,NOXFGCAQV,NO,3.35
2022-01-28 13:05,EG17,EGIGQPKI7,EG,2.1
2022-01-28 13:06,KO04,KOIXA11DP,KO,2.95
2022-01-28 13:39,OO06,OO3KKV9RF,OO,3.5
2022-01-28 14:09,OO03,OO1B0Z3NX,OO,2.4
2022-01-28 14:39,MO02,NAOHL1N13J,NAO,1.35
2022-01-28 14:59,MO06,MOV86WZS3,MO,2.6
2022-01-28 15:08,AM10,AMXAJI0Y6,AM,3.1
2022-01-28 15:20,KO09,KONCXLL4Z,KO,2.05
2022-01-28 15:28,NAO17,OO1B0Z3NX,OO,2.5
2022-01-28 16:34,EG01,NAO5UQPGB7,NAO,3.0
2022-01-28 17:41,AM02,EGVWPVS7H,EG,2.0
2022-01-28 17:44,NO13,NO7PTX63C,NO,4.15
2022-01-28 17:49,NAO30,NAOBMYOFQE,NAO,2.5
2022-01-28 18:06,AM01,AMHJ7XVG0,AM,2.0
2022-01-28 18:09,AM04,AMLJH75LX,AM,2.2
2022-01-28 18:14,NAO29,OOZSJ49IT,OO,2.5
2022-01-28 18:22,KO07,KOIXA11DP,KO,1.85
2022-01-28 18:44,NAO30,NAONSM43D8,NAO,2.5
2022-01-28 18:47,NAO12,NAOHL1N13J,NAO,2.5
2022-01-28 20:18,KO02,NAOLY8OZCY,NAO,3.4
2022-01-28 20:24,EG28,EG9CHJ755,EG,1.4
2022-01-28 21:04,MO10,EG7UR23GD,EG,2.7
2022-01-28 21:13,NAO11,NAO09SKDGI,NAO,2.5
2022-01-28 21:27,EG28,EGSEIMVIH,EG,1.4
2022-01-28 21:37,KO02,EG9CHJ755,EG,3.4
2022-01-28 21:38,NO01,NO7PTX63C,NO,3.85
2022-01-28 21:39,NAO07,NAOBMYOFQE,NAO,2.5
2022-01-28 22:19,OO01,OOZSJ49IT,OO,2.3
2022-01-28 22:25,AM04,AMLJH75LX,AM,2.2
2022-01-28 23:02,NAO10,NAOLY8OZCY,NAO,2.5
2022-01-28 23:21,KO04,KOWKTAKPU,KO,2.95
2022-01-28 23:46,AM08,AMLJH75LX,AM,2.8
2022-01-28 23:58,NAO25,OO3KKV9RF,OO,2.5
2022-01-29 00:31,NAO32,NAOHL1N13J,NAO,2.5
2022-01-29 00:56,EG19,OO7PZE9VI,OO,1.4
2022-01-29 01:31,EG10,EGSEIMVIH,EG,0.9
2022-01-29 01:39,NAO37,NAOLY8OZCY,NAO,2.5
2022-01-29 01:46,AM02,EGRHOCN9J,EG,2.0
2022-01-29 01:48,EG11,EGRHOCN9J,EG,0.5
2022-01-29 03:05,OO04,OO3KKV9RF,OO,2.4
2022-01-29 03:48,EG03,NAO09SKDGI,NAO,1.2
2022-01-29 03:52,OO05,OOZSJ49IT,OO,3.5
2022-01-29 04:17,MO01,MOV86WZS3,MO,1.35
2022-01-29 04:43,NO11,NAOBMYOFQE,NAO,3.35
2022-01-29 04:49,NAO30,EGUT0CVS4,EG,2.5
2022-01-29 04:55,EG08,EGRHOCN9J,EG,1.8
2022-01-29 05:31,MO06,MOV86WZS3,MO,2.6
2022-01-29 05:33,AM08,AMLJH75LX,AM,2.8
2022-01-29 06:03,KO08,NAOLY8OZCY,NAO,1.85
2022-01-29 06:31,GE02,KOWKTAKPU,KO,14.7
2022-01-29 07:16,NAO41,NAO09SKDGI,NAO,2.5
2022-01-29 08:22,KO03,KOWKTAKPU,KO,2.95
2022-01-29 08:50,MO03,MOJCKJLTE,MO,2.1
2022-01-29 09:05,EG09,AMXAJI0Y6,AM,0.9
2022-01-29 09:17,AM05,NAOURTP0LZ,NAO,3.6
2022-01-29 09:34,KO03,KONCXLL4Z,KO,2.95
2022-01-29 09:50,EG04,EGYTJXEPQ,EG,1.2
2022-01-29 11:00,EG05,EGIGQPKI7,EG,1.7
2022-01-29 11:35,AM06,NAOBMYOFQE,NAO,3.6
2022-01-29 11:51,MO02,OOZSJ49IT,OO,1.35
2022-01-29 12:19,KO09,EGUT0CVS4,EG,2.05
2022-01-29 12:44,GE02,NOXFGCAQV,NO,14.7
2022-01-29 12:48,EG14,NAOHAFEYUH,NAO,1.2
2022-01-29 13:37,KO01,KOJDP0LVS,KO,3.4
2022-01-29 14:28,NAO41,NAO09SKDGI,NAO,2.5
2022-01-29 14:57,NO07,EGF1T2TAL,EG,3.55
2022-01-29 15:37,NAO07,NAOP0J43D5,NAO,2.5
2022-01-29 16:38,KO07,NAOURTP0LZ,NAO,1.85
2022-01-29 16:47,NO08,NOQLL8OS9,NO,3.55
2022-01-29 16:59,OO06,EGYTJXEPQ,EG,3.5
2022-01-29 17:02,NAO32,NAOHL1N13J,NAO,2.5
2022-01-29 17:12,EG10,EGC11ERTJ,EG,0.9
2022-01-29 17:36,AM05,AMH9SDBDW,AM,3.6
2022-01-29 18:00,EG01,NAO5UQPGB7,NAO,3.0
2022-01-29 18:03,NO10,NAOP0J43D5,NAO,4.2
2022-01-29 18:13,AM03,AMXAJI0Y6,AM,2.2
2022-01-29 18:27,NO14,OO1B0Z3NX,OO,4.15
2022-01-29 18:46,NAO26,KOJDP0LVS,KO,2.5
2022-01-29 19:08,KO09,NAO5ZJA8DZ,NAO,2.05
2022-01-29 19:09,KO09,KOWM31YIH,KO,2.05
2022-01-29 19:46,NO10,NO7PTX63C,NO,4.2
2022-01-29 20:17,EG37,EGSEIMVIH,EG,1.4
2022-01-29 20:44,NAO26,NAOHAFEYUH,NAO,2.5
2022-01-29 22:01,OO01,OO7PZE9VI,OO,2.3
2022-01-29 23:21,MO08,MOJCKJLTE,MO,3.15
2022-01-29 23:29,NO10,NOX6GVWRD,NO,4.2
2022-01-30 00:20,KO09,KOIXA11DP,KO,2.05
2022-01-30 00:24,EG05,EGYTJXEPQ,EG,1.7
2022-01-30 00:33,EG37,EGSEIMVIH,EG,1.4
2022-01-30 00:56,NAO30,NAONSM43D8,NAO,2.5
2022-01-30 01:23,KO03,NAOBMYOFQE,NAO,2.95
2022-01-30 01:47,NAO30,NAOBMYOFQE,NAO,2.5
2022-01-30 02:01,NO03,NOE1V2ISQ,NO,3.25
2022-01-30 02:21,EG36,EGC11ERTJ,EG,1.0
2022-01-30 02:29,KO04,NOE1V2ISQ,NO,2.95
2022-01-30 03:01,NAO09,KOJDP0LVS,KO,2.5
2022-01-30 03:43,EG15,EGVWPVS7H,EG,1.2
2022-01-30 04:15,MO09,MOJCKJLTE,MO,2.7
2022-01-30 04:26,KO05,KOWM31YIH,KO,1.9
2022-01-30 04:38,NAO11,EGSEIMVIH,EG,2.5
2022-01-30 04:49,KO05,EGF1T2TAL,EG,1.9
2022-01-30 04:56,NAO12,NAOURTP0LZ,NAO,2.5
2022-01-30 05:58,MO03,OOZSJ49IT,OO,2.1
2022-01-30 06:03,EG36,EGF1T2TAL,EG,1.0
2022-01-30 06:23,NO14,NO7PTX63C,NO,4.15
2022-01-30 06:25,NO04,NOE1V2ISQ,NO,3.25
2022-01-30 06:29,GE01,GEJA1WJ0T,GE,14.7
2022-01-30 06:51,NO04,NOQLL8OS9,NO,3.25
2022-01-30 07:16,EG07,EGSEIMVIH,EG,1.8
2022-01-30 07:25,NAO34,MOV86WZS3,MO,2.5
2022-01-30 07:39,OO04,OO7PZE9VI,OO,2.4
2022-01-30 07:50,NAO33,NAOHL1N13J,NAO,2.5
2022-01-30 07:57,NO02,NOXFGCAQV,NO,3.85
2022-01-30 08:36,EG33,EGIGQPKI7,EG,2.0
2022-01-30 08:44,NO11,NOXFGCAQV,NO,3.35
2022-01-30 08:44,GE02,GE5A0L725,GE,14.7
2022-01-30 08:49,EG37,KOJDP0LVS,KO,1.4
2022-01-30 09:04,OO07,OO1B0Z3NX,OO,1.9
2022-01-30 10:40,NAO04,OOQ0OXFQ8,OO,2.5
2022-01-30 10:56,KO02,OOZSJ49IT,OO,3.4
2022-01-30 10:58,OO02,NAOURTP0LZ,NAO,2.3
2022-01-30 11:00,OO09,OO3KKV9RF,OO,2.5
2022-01-30 11:10,EG32,EGC11ERTJ,EG,1.4
2022-01-30 11:14,NAO15,KOWKTAKPU,KO,2.5
2022-01-30 11:19,EG07,AMH9SDBDW,AM,1.8
2022-01-30 11:27,EG31,KOWKTAKPU,KO,1.4
2022-01-30 11:29,EG01,NORCBPLJD,NO,3.0
2022-01-30 11:57,KO10,KOJDP0LVS,KO,2.05
2022-01-30 12:07,KO01,KONCXLL4Z,KO,3.4
2022-01-30 12:15,KO02,EGIGQPKI7,EG,3.4
2022-01-30 12:19,MO02,MOV86WZS3,MO,1.35
2022-01-30 12:43,EG07,EGVWPVS7H,EG,1.8
2022-01-30 13:42,OO02,OO3KKV9RF,OO,2.3
2022-01-30 14:20,KO09,KOJDP0LVS,KO,2.05
2022-01-30 14:32,MO06,MOJCKJLTE,MO,2.6
2022-01-30 15:15,NAO10,NAO5UQPGB7,NAO,2.5
2022-01-30 15:18,OO08,EGIGQPKI7,EG,1.9
2022-01-30 15:24,NO04,NOQLL8OS9,NO,3.25
2022-01-30 15:34,OO08,OOZSJ49IT,OO,1.9
2022-01-30 15:43,NAO07,NAO5ZJA8DZ,NAO,2.5
2022-01-30 15:55,NAO39,AMNT3W5UZ,AM,2.5
2022-01-30 16:00,NAO04,NAO5UQPGB7,NAO,2.5
2022-01-30 16:14,EG06,NAOBMYOFQE,NAO,1.7
2022-01-30 17:19,KO02,AMHJ7XVG0,AM,3.4
2022-01-30 18:06,OO08,OOQ0OXFQ8,OO,1.9
2022-01-30 18:25,EG14,OO3KKV9RF,OO,1.2
2022-01-30 18:37,NAO02,KOIXA11DP,KO,2.5
2022-01-30 18:53,OO06,OO1B0Z3NX,OO,3.5
2022-01-30 18:54,NAO16,EGUT0CVS4,EG,2.5
2022-01-30 19:02,AM05,AMH9SDBDW,AM,3.6
2022-01-30 19:16,AM10,AMV3A3ZMF,AM,3.1
2022-01-30 19:35,MO08,NAOLY8OZCY,NAO,3.15
2022-01-30 20:36,NAO18,NAOHAFEYUH,NAO,2.5
2022-01-30 20:41,NAO32,NAO5UQPGB7,NAO,2.5
2022-01-30 21:01,EG12,EGF1T2TAL,EG,0.5
2022-01-30 21:23,EG34,EGUT0CVS4,EG,2.0
2022-01-30 21:39,KO07,AMXAJI0Y6,AM,1.85
2022-01-30 22:03,EG05,EGYTJXEPQ,EG,1.7
2022-01-30 22:07,NAO41,NAOHL1N13J,NAO,2.5
2022-01-30 22:11,NAO05,NAOP0J43D5,NAO,2.5
2022-01-30 23:04,OO02,NAOURTP0LZ,NAO,2.3
2022-01-30 23:25,NAO10,NAO5UQPGB7,NAO,2.5
2022-01-31 00:51,NO03,NORCBPLJD,NO,3.25
2022-01-31 01:01,AM02,AMH9SDBDW,AM,2.0
2022-01-31 01:17,KO07,KOJDP0LVS,KO,1.85
2022-01-31 01:27,EG37,EGRHOCN9J,EG,1.4
2022-01-31 01:31,KO06,EGC11ERTJ,EG,1.9
2022-01-31 01:31,KO04,KOIXA11DP,KO,2.95
2022-01-31 01:48,AM01,AMH9SDBDW,AM,2.0
2022-01-31 02:19,NAO31,OO7PZE9VI,OO,2.5
2022-01-31 02:36,NO14,NOE1V2ISQ,NO,4.15
2022-01-31 02:42,NAO01,NAOURTP0LZ,NAO,2.5
2022-01-31 04:09,AM04,AMH9SDBDW,AM,2.2
2022-01-31 04:09,MO08,MOV86WZS3,MO,3.15
2022-01-31 04:28,NO06,EGRHOCN9J,EG,3.25
2022-01-31 04:43,NAO39,NAOP0J43D5,NAO,2.5
2022-01-31 04:44,NO02,NORCBPLJD,NO,3.85
2022-01-31 05:07,KO03,KOIXA11DP,KO,2.95
2022-01-31 05:10,NAO40,NAOP0J43D5,NAO,2.5
2022-01-31 05:17,OO10,OOQ0OXFQ8,OO,2.5
2022-01-31 06:08,MO09,AMV3A3ZMF,AM,2.7
2022-01-31 06:08,MO10,MOV86WZS3,MO,2.7
2022-01-31 06:29,NAO32,NAO5ZJA8DZ,NAO,2.5
2022-01-31 06:35,NAO37,NAOHL1N13J,NAO,2.5
2022-01-31 07:38,NAO10,NAOLY8OZCY,NAO,2.5
2022-01-31 07:40,NAO05,NAO5ZJA8DZ,NAO,2.5
2022-01-31 08:15,NAO08,NAOURTP0LZ,NAO,2.5
2022-01-31 08:30,EG03,EGUT0CVS4,EG,1.2
2022-01-31 08:44,OO06,OO7PZE9VI,OO,3.5
2022-01-31 08:57,NAO18,NOXFGCAQV,NO,2.5
2022-01-31 09:15,NO03,NOE1V2ISQ,NO,3.25
2022-01-31 09:28,OO07,NAOLY8OZCY,NAO,1.9
2022-01-31 09:49,NO03,NOE1V2ISQ,NO,3.25
2022-01-31 10:17,MO08,MOJCKJLTE,MO,3.15
2022-01-31 10:35,KO08,KONCXLL4Z,KO,1.85
2022-01-31 10:44,NO02,NO7PTX63C,NO,3.85
2022-01-31 10:51,NO04,NOE1V2ISQ,NO,3.25
2022-01-31 11:01,KO04,KOWKTAKPU,KO,2.95
2022-01-31 11:55,EG33,AMHJ7XVG0,AM,2.0
2022-01-31 12:11,OO03,OO7PZE9VI,OO,2.4
2022-01-31 12:15,AM05,AMLJH75LX,AM,3.6
2022-01-31 12:35,NAO38,NOE1V2ISQ,NO,2.5
2022-01-31 12:41,OO10,NAO09SKDGI,NAO,2.5
2022-01-31 12:56,AM10,AMXAJI0Y6,AM,3.1
2022-01-31 13:38,NAO03,NAOLY8OZCY,NAO,2.5
2022-01-31 13:44,NO06,NOE1V2ISQ,NO,3.25
2022-01-31 14:27,OO08,EGIGQPKI7,EG,1.9
2022-01-31 14:53,EG08,EG7UR23GD,EG,1.8
2022-01-31 15:14,KO05,KOWM31YIH,KO,1.9
2022-01-31 15:24,EG14,OO3KKV9RF,OO,1.2
2022-01-31 15:40,NAO23,NAO09SKDGI,NAO,2.5
2022-01-31 17:26,NAO30,NAOP0J43D5,NAO,2.5
2022-01-31 17:32,NAO07,NAOURTP0LZ,NAO,2.5
2022-01-31 17:39,KO07,NAOP0J43D5,NAO,1.85
2022-01-31 18:23,NAO30,NAONSM43D8,NAO,2.5
2022-01-31 18:31,NAO21,NAO5ZJA8DZ,NAO,2.5
2022-01-31 18:56,KO07,AMXAJI0Y6,AM,1.85
2022-01-31 19:00,EG29,EG7UR23GD,EG,1.5
2022-01-31 19:06,AM02,NO7PTX63C,NO,2.0
2022-01-31 19:11,NO07,OOQ0OXFQ8,OO,3.55
2022-01-31 19:35,KO02,KOWM31YIH,KO,3.4
2022-01-31 19:44,OO01,OO1B0Z3NX,OO,2.3
2022-01-31 20:27,EG06,EGC11ERTJ,EG,1.7
2022-01-31 20:47,AM05,NAOURTP0LZ,NAO,3.6
2022-01-31 21:16,NAO05,EGUT0CVS4,EG,2.5
2022-01-31 21:20,EG28,EGF1T2TAL,EG,1.4
2022-01-31 21:33,NO06,NOXFGCAQV,NO,3.25
2022-01-31 21:59,KO03,KOWKTAKPU,KO,2.95
2022-01-31 22:00,NAO03,KOIXA11DP,KO,2.5
2022-01-31 22:11,NAO11,NAO5UQPGB7,NAO,2.5
2022-01-31 22:46,OO07,OOQ0OXFQ8,OO,1.9
2022-01-31 22:55,NAO29,OOZSJ49IT,OO,2.5
2022-02-01 00:35,AM04,AMLJH75LX,AM,2.2
2022-02-01 00:48,AM10,AMV3A3ZMF,AM,3.1
2022-02-01 00:59,OO01,AMLJH75LX,AM,2.3
2022-02-01 01:51,NAO13,NAOHL1N13J,NAO,2.5
2022-02-01 03:29,EG32,EGF1T2TAL,EG,1.4
2022-02-01 03:51,NAO23,EG9CHJ755,EG,2.5
2022-02-01 04:04,EG01,EGRHOCN9J,EG,3.0
2022-02-01 04:45,MO01,MOV86WZS3,MO,1.35
2022-02-01 04:47,OO05,AMHJ7XVG0,AM,3.5
2022-02-01 04:52,OO09,EGVWPVS7H,EG,2.5
2022-02-01 05:07,OO08,OOZSJ49IT,OO,1.9
2022-02-01 05:14,OO04,OOZSJ49IT,OO,2.4
2022-02-01 05:20,OO02,OOQ0OXFQ8,OO,2.3
2022-02-01 05:23,EG05,EGIGQPKI7,EG,1.7
2022-02-01 05:41,NAO34,NOXFGCAQV,NO,2.5
2022-02-01 06:10,AM08,EGYTJXEPQ,EG,2.8
2022-02-01 06:48,NO11,NAOBMYOFQE,NAO,3.35
2022-02-01 07:01,NAO03,KOJDP0LVS,KO,2.5
2022-02-01 07:04,AM09,AMH9SDBDW,AM,3.1
2022-02-01 07:05,OO08,OOZSJ49IT,OO,1.9
2022-02-01 07:11,NAO26,NAO09SKDGI,NAO,2.5
2022-02-01 07:28,KO09,EGC11ERTJ,EG,2.05
2022-02-01 07:55,NO02,NOXFGCAQV,NO,3.85
2022-02-01 08:06,KO04,KOIXA11DP,KO,2.95
2022-02-01 08:13,EG22,EG7UR23GD,EG,1.6
2022-02-01 08:14,EG14,EGC11ERTJ,EG,1.2
2022-02-01 08:17,OO04,OOQ0OXFQ8,OO,2.4
2022-02-01 08:19,EG19,OO7PZE9VI,OO,1.4
2022-02-01 08:58,NO01,NOX6GVWRD,NO,3.85
2022-02-01 09:04,OO10,OO1B0Z3NX,OO,2.5
2022-02-01 09:31,AM10,GEX7EEDTJ,GE,3.1
2022-02-01 10:07,NAO27,EG9CHJ755,EG,2.5
2022-02-01 10:28,NAO16,EGUT0CVS4,EG,2.5
2022-02-01 10:39,NAO33,NAOURTP0LZ,NAO,2.5
2022-02-01 10:40,EG35,NAOP0J43D5,NAO,1.0
2022-02-01 11:29,KO10,KOWKTAKPU,KO,2.05
2022-02-01 11:35,OO06,OO3KKV9RF,OO,3.5
2022-02-01 12:00,OO06,KOJDP0LVS,KO,3.5
2022-02-01 13:58,GE01,NAOBMYOFQE,NAO,14.7
2022-02-01 14:06,MO08,MOJCKJLTE,MO,3.15
2022-02-01 14:20,NAO26,EGSEIMVIH,EG,2.5
2022-02-01 15:26,NAO24,AMLJH75LX,AM,2.5
2022-02-01 15:32,AM08,AMLJH75LX,AM,2.8
2022-02-01 15:56,EG37,EGF1T2TAL,EG,1.4
2022-02-01 16:05,AM08,AMLJH75LX,AM,2.8
2022-02-01 16:06,OO04,OOZSJ49IT,OO,2.4
2022-02-01 16:50,OO06,EGC11ERTJ,EG,3.5
2022-02-01 17:04,NAO23,NAO09SKDGI,NAO,2.5
2022-02-01 17:09,EG16,EGIGQPKI7,EG,1.2
2022-02-01 17:12,AM08,OO1B0Z3NX,OO,2.8
2022-02-01 17:45,NAO28,NAOHAFEYUH,NAO,2.5
2022-02-01 17:46,AM06,AMXAJI0Y6,AM,3.6
2022-02-01 17:55,AM10,EGRHOCN9J,EG,3.1
2022-02-01 19:38,NAO33,NAOURTP0LZ,NAO,2.5
2022-02-01 19:42,AM05,AMHJ7XVG0,AM,3.6
2022-02-01 19:46,NAO04,MOV86WZS3,MO,2.5
2022-02-01 19:54,AM10,AMV3A3ZMF,AM,3.1
2022-02-01 19:58,NAO20,NOQLL8OS9,NO,2.5
2022-02-01 20:01,MO11,NO7PTX63C,NO,2.05
2022-02-01 20:46,OO06,MOJCKJLTE,MO,3.5
2022-02-01 21:05,KO05,OO7PZE9VI,OO,1.9
2022-02-01 21:14,NAO38,NAO5ZJA8DZ,NAO,2.5
2022-02-01 22:39,NO12,NOQLL8OS9,NO,3.35
2022-02-01 23:21,OO04,OOZSJ49IT,OO,2.4
2022-02-01 23:47,OO07,OO1B0Z3NX,OO,1.9
2022-02-01 23:49,AM07,AMV3A3ZMF,AM,2.8
2022-02-01 23:55,NO03,NOXFGCAQV,NO,3.25
2022-02-02 00:47,OO01,NORCBPLJD,NO,2.3
2022-02-02 01:20,NAO23,NAONSM43D8,NAO,2.5
2022-02-02 01:34,NO01,NO7PTX63C,NO,3.85
2022-02-02 01:43,EG19,NAOBMYOFQE,NAO,1.4
2022-02-02 02:18,EG01,EG9CHJ755,EG,3.0
2022-02-02 03:06,EG24,EGF1T2TAL,EG,1.4
2022-02-02 03:07,NAO31,NAOURTP0LZ,NAO,2.5
2022-02-02 03:13,EG10,EGF1T2TAL,EG,0.9
2022-02-02 03:59,GE02,NOXFGCAQV,NO,14.7
2022-02-02 04:03,KO03,NAOHL1N13J,NAO,2.95
2022-02-02 04:27,NAO41,NAOP0J43D5,NAO,2.5
2022-02-02 04:35,NAO24,NAO5ZJA8DZ,NAO,2.5
2022-02-02 04:40,EG31,KOWKTAKPU,KO,1.4
2022-02-02 04:41,KO01,KONCXLL4Z,KO,3.4
2022-02-02 04:45,NO01,NO7PTX63C,NO,3.85
2022-02-02 04:53,NO09,NAOHL1N13J,NAO,4.2
2022-02-02 05:11,EG01,NORCBPLJD,NO,3.0
2022-02-02 05:20,AM06,NAOBMYOFQE,NAO,3.6
2022-02-02 05:41,KO09,KOWM31YIH,KO,2.05
2022-02-02 05:53,NAO35,NAOBMYOFQE,NAO,2.5
2022-02-02 06:06,MO09,AMV3A3ZMF,AM,2.7
2022-02-02 06:10,EG29,AMH9SDBDW,AM,1.5
2022-02-02 06:12,NO07,NOE1V2ISQ,NO,3.55
2022-02-02 07:32,NO14,NOX6GVWRD,NO,4.15
2022-02-02 07:34,AM07,NAOP0J43D5,NAO,2.8
2022-02-02 08:25,NAO21,EGC11ERTJ,EG,2.5
2022-02-02 08:29,EG13,EGUT0CVS4,EG,1.2
2022-02-02 08:34,NO02,NOXFGCAQV,NO,3.85
2022-02-02 08:51,NO06,GE5A0L725,GE,3.25
2022-02-02 08:52,NO01,NOE1V2ISQ,NO,3.85
2022-02-02 09:28,EG30,EG7UR23GD,EG,1.5
2022-02-02 09:42,AM01,NAOP0J43D5,NAO,2.0
2022-02-02 10:03,NO01,NO7PTX63C,NO,3.85
2022-02-02 10:10,NAO23,NAOHL1N13J,NAO,2.5
2022-02-02 10:12,EG36,EGC11ERTJ,EG,1.0
2022-02-02 11:30,NAO32,EG7UR23GD,EG,2.5
2022-02-02 11:44,NAO31,NAOURTP0LZ,NAO,2.5
2022-02-02 12:32,MO03,MOV86WZS3,MO,2.1
2022-02-02 13:10,MO09,MOJCKJLTE,MO,2.7
2022-02-02 13:42,AM03,AMLJH75LX,AM,2.2
2022-02-02 13:57,NAO35,NAO5ZJA8DZ,NAO,2.5
2022-02-02 14:31,KO06,AMHJ7XVG0,AM,1.9
2022-02-02 14:38,EG08,EGRHOCN9J,EG,1.8
2022-02-02 14:44,EG19,KONCXLL4Z,KO,1.4
2022-02-02 15:01,NO07,NOE1V2ISQ,NO,3.55
2022-02-02 15:18,AM03,AMXAJI0Y6,AM,2.2
2022-02-02 15:41,EG21,EGYTJXEPQ,EG,1.6
2022-02-02 15:53,EG38,GEL6246HI,GE,1.4
2022-02-02 16:14,OO06,MOJCKJLTE,MO,3.5
2022-02-02 17:58,AM03,EGSEIMVIH,EG,2.2
2022-02-02 18:21,AM08,AMXAJI0Y6,AM,2.8
2022-02-02 18:59,EG24,EGSEIMVIH,EG,1.4
2022-02-02 19:31,AM08,AMHJ7XVG0,AM,2.8
2022-02-02 20:15,EG08,EGSEIMVIH,EG,1.8
2022-02-02 20:27,EG21,EG9CHJ755,EG,1.6
2022-02-02 20:57,NAO16,NAOHL1N13J,NAO,2.5
2022-02-02 21:06,KO05,KOWM31YIH,KO,1.9
2022-02-02 21:24,NO13,NOE1V2ISQ,NO,4.15
2022-02-02 21:31,EG36,NOE1V2ISQ,NO,1.0
2022-02-02 21:44,AM04,EGYTJXEPQ,EG,2.2
2022-02-02 22:15,KO02,OOZSJ49IT,OO,3.4
2022-02-02 22:21,EG10,EGVWPVS7H,EG,0.9
2022-02-02 22:23,NAO37,NAOLY8OZCY,NAO,2.5
2022-02-02 22:55,NAO38,NAOHAFEYUH,NAO,2.5
2022-02-02 22:56,AM03,AMHJ7XVG0,AM,2.2
2022-02-02 23:09,EG06,EGUT0CVS4,EG,1.7
2022-02-02 23:26,AM01,EGRHOCN9J,EG,2.0
2022-02-02 23:47,MO03,MOJCKJLTE,MO,2.1
2022-02-03 00:22,AM06,AMLJH75LX,AM,3.6
2022-02-03 00:37,EG36,NOE1V2ISQ,NO,1.0
2022-02-03 00:44,NO04,NOE1V2ISQ,NO,3.25
2022-02-03 00:50,NAO36,AMLJH75LX,AM,2.5
2022-02-03 00:58,KO09,KOWM31YIH,KO,2.05
2022-02-03 01:40,KO04,KOIXA11DP,KO,2.95
2022-02-03 03:06,NAO38,NAONSM43D8,NAO,2.5
2022-02-03 03:27,AM05,AMXAJI0Y6,AM,3.6
2022-02-03 04:13,NAO05,NAOLY8OZCY,NAO,2.5
2022-02-03 04:48,NAO07,NAO5ZJA8DZ,NAO,2.5
2022-02-03 05:04,AM09,NAOVZ41NAM,NAO,3.1
2022-02-03 05:08,AM05,AMXAJI0Y6,AM,3.6
2022-02-03 05:14,NAO36,AMHJ7XVG0,AM,2.5
2022-02-03 05:28,EG31,OOQ0OXFQ8,OO,1.4
2022-02-03 05:44,NO07,NOE1V2ISQ,NO,3.55
2022-02-03 05:48,NAO11,EGSEIMVIH,EG,2.5
2022-02-03 06:34,EG06,NO7PTX63C,NO,1.7
2022-02-03 06:44,AM08,EGYTJXEPQ,EG,2.8
2022-02-03 07:19,EG11,EGRHOCN9J,EG,0.5
2022-02-03 07:31,EG31,EGYTJXEPQ,EG,1.4
2022-02-03 07:38,EG19,KONCXLL4Z,KO,1.4
2022-02-03 08:24,NO01,NAOVZ41NAM,NAO,3.85
2022-02-03 08:38,NAO09,NAOP0J43D5,NAO,2.5
2022-02-03 08:48,NO12,NOQLL8OS9,NO,3.35
2022-02-03 08:52,EG32,EGF1T2TAL,EG,1.4
2022-02-03 08:58,EG22,NAOBMYOFQE,NAO,1.6
2022-02-03 09:04,MO11,EGC11ERTJ,EG,2.05
2022-02-03 09:19,AM04,EGYTJXEPQ,EG,2.2
2022-02-03 09:45,EG33,NOE1V2ISQ,NO,2.0
2022-02-03 10:56,EG05,EGIGQPKI7,EG,1.7
2022-02-03 11:17,NAO11,NAO09SKDGI,NAO,2.5
2022-02-03 11:23,NAO03,EG9CHJ755,EG,2.5
2022-02-03 11:26,KO05,OO7PZE9VI,OO,1.9
2022-02-03 11:42,NO03,NOE1V2ISQ,NO,3.25
2022-02-03 11:59,OO08,OO1B0Z3NX,OO,1.9
2022-02-03 12:32,NAO37,NAOURTP0LZ,NAO,2.5
2022-02-03 12:35,KO07,AMXAJI0Y6,AM,1.85
2022-02-03 12:40,OO04,OOZSJ49IT,OO,2.4
2022-02-03 12:51,KO10,KONCXLL4Z,KO,2.05
2022-02-03 13:07,OO09,OO3KKV9RF,OO,2.5
2022-02-03 13:43,NO04,NOX6GVWRD,NO,3.25
2022-02-03 13:59,EG29,EGC11ERTJ,EG,1.5
2022-02-03 14:58,AM10,AMV3A3ZMF,AM,3.1
2022-02-03 15:06,MO04,MOV86WZS3,MO,2.1
2022-02-03 15:13,NAO28,NOE1V2ISQ,NO,2.5
2022-02-03 15:16,OO10,OO1B0Z3NX,OO,2.5
2022-02-03 15:38,KO01,KOIXA11DP,KO,3.4
2022-02-03 15:43,NO13,NOE1V2ISQ,NO,4.15
2022-02-03 16:47,KO10,KONCXLL4Z,KO,2.05
2022-02-03 17:17,NAO38,NAO09SKDGI,NAO,2.5
2022-02-03 17:21,MO01,MOV86WZS3,MO,1.35
2022-02-03 17:32,OO08,MOJCKJLTE,MO,1.9
2022-02-03 17:41,OO10,AMHJ7XVG0,AM,2.5
2022-02-03 18:02,OO02,OO1B0Z3NX,OO,2.3
2022-02-03 18:08,NAO09,NOX6GVWRD,NO,2.5
2022-02-03 18:13,EG26,NOE1V2ISQ,NO,1.8
2022-02-03 18:37,AM03,EGSEIMVIH,EG,2.2
2022-02-03 18:39,AM06,AMNT3W5UZ,AM,3.6
2022-02-03 18:51,MO05,MOJCKJLTE,MO,2.6
2022-02-03 18:53,MO08,MOJCKJLTE,MO,3.15
2022-02-03 19:18,EG32,EGF1T2TAL,EG,1.4
2022-02-03 19:28,MO08,NAOLY8OZCY,NAO,3.15
2022-02-03 20:18,OO05,OOZSJ49IT,OO,3.5
2022-02-03 20:54,NO04,NOE1V2ISQ,NO,3.25
2022-02-03 21:02,AM09,AMH9SDBDW,AM,3.1
2022-02-03 21:13,OO10,OOQ0OXFQ8,OO,2.5
2022-02-03 21:37,NAO31,NAO09SKDGI,NAO,2.5
2022-02-03 21:37,AM10,NAO5ZJA8DZ,NAO,3.1
2022-02-03 21:55,GE02,GEX7EEDTJ,GE,14.7
2022-02-03 22:08,NO06,NOE1V2ISQ,NO,3.25
2022-02-03 22:12,EG28,NAOBMYOFQE,NAO,1.4
2022-02-03 22:20,KO09,KOJDP0LVS,KO,2.05
2022-02-03 22:27,NO01,NAOVZ41NAM,NAO,3.85
2022-02-03 22:51,KO06,AMHJ7XVG0,AM,1.9
2022-02-03 23:06,NAO32,NAOLY8OZCY,NAO,2.5
2022-02-03 23:10,OO06,NO7PTX63C,NO,3.5
2022-02-03 23:40,AM05,AMH9SDBDW,AM,3.6
2022-02-03 23:41,MO07,KOIXA11DP,KO,3.15
2022-02-04 00:03,NO11,NAOURTP0LZ,NAO,3.35
2022-02-04 00:06,NO10,NAOP0J43D5,NAO,4.2
2022-02-04 00:31,OO05,OO3KKV9RF,OO,3.5
2022-02-04 00:33,KO04,KOWKTAKPU,KO,2.95
2022-02-04 00:40,NAO30,EGUT0CVS4,EG,2.5
2022-02-04 00:43,NO06,NORCBPLJD,NO,3.25
2022-02-04 00:46,EG19,NORCBPLJD,NO,1.4
2022-02-04 01:25,AM03,AMNT3W5UZ,AM,2.2
2022-02-04 01:32,AM04,AMH9SDBDW,AM,2.2
2022-02-04 01:58,AM03,AMHJ7XVG0,AM,2.2
2022-02-04 02:52,NAO08,AMNT3W5UZ,AM,2.5
2022-02-04 03:10,NAO05,NAO5ZJA8DZ,NAO,2.5
2022-02-04 04:35,EG02,EGIGQPKI7,EG,3.0
2022-02-04 04:48,NAO04,NAOP0J43D5,NAO,2.5
2022-02-04 05:13,OO08,OO3KKV9RF,OO,1.9
2022-02-04 06:20,NAO17,NAONSM43D8,NAO,2.5
2022-02-04 06:33,AM08,EG9CHJ755,EG,2.8
2022-02-04 06:51,MO11,EGC11ERTJ,EG,2.05
